to,from,r,x,b,s
1,2,0.000160386,0.000454106,0,1200
3,2,0.000139466,0.000394875,0,1200
3,4,0.0002092,0.000592313,0,1200
4,2,0.000119975,0.000339593,0,1200
5,4,0.000111573,0.0003159,0,1200
5,2,8.78807E-05,0.000248771,0,1200
5,8,4.18399E-05,0.000118463,0,1200
4,6,4.18399E-05,0.000118463,0,1200
4,7,9.06532E-05,0.000256669,0,1200
5,7,5.57866E-05,0.00015795,0,1200
6,7,8.9225E-05,0.00025272,0,1200
8,7,2.78933E-05,7.8975E-05,0,1200