Node,Pd,Qd,Vmax,Vmin,Gs,Bs,baseKV
1,1914.519552,0,1.1,0.9,0,0,345
2,1370.60352,0,1.1,0.9,0,0,345
3,428.212224,0,1.1,0.9,0,0,345
4,869.941248,0,1.1,0.9,0,0,345
5,1174.880256,0,1.1,0.9,0,0,345
6,846.692352,0,1.1,0.9,0,0,345
7,598.523904,0,1.1,0.9,0,0,345
8,2463.301632,0,1.1,0.9,0,0,345